path	lines	rated_lines	avg_rating	low_count	tag_counts
Dockerfile	52	38	4.0	0	blank=14;comment=13;ok=25
README.md	315	242	3.996	0	blank=73;comment=52;long_line=1;ok=189
config\agents.yaml	57	49	4.0	0	blank=8;comment=5;ok=44
config\exchanges.yaml	61	55	4.0	0	blank=6;comment=6;ok=49
config\risk_params.yaml	89	73	4.0	0	blank=16;comment=16;ok=57
docker-compose.yml	111	103	4.0	0	blank=8;comment=7;ok=96
monitoring\prometheus.yml	29	23	4.0	0	blank=6;comment=4;ok=19
prompts\bear_researcher.md	320	277	3.989	0	blank=43;comment=42;long_line=3;ok=232
prompts\bull_researcher.md	280	243	3.984	0	blank=37;comment=36;long_line=4;ok=203
prompts\risk_guardian.md	140	120	4.0	0	blank=20;comment=20;ok=100
prompts\sentiment_analyst.md	165	142	4.0	0	blank=23;comment=23;ok=119
prompts\system_prompt.md	162	128	4.0	0	blank=34;comment=15;ok=113
prompts\technical_analyst.md	159	136	3.985	0	blank=23;comment=22;long_line=2;ok=112
pyproject.toml	74	65	4.0	0	blank=9;ok=65
requirements.txt	52	43	4.0	0	blank=9;comment=10;ok=33
run.bat	86	74	4.0	0	blank=12;comment=11;ok=63
run.sh	83	72	4.0	0	blank=11;comment=19;ok=53
src\__init__.py	7	6	4.0	0	blank=1;docstring=4;ok=2
src\agents\__init__.py	4	4	4.0	0	docstring=4
src\core\__init__.py	4	4	4.0	0	docstring=4
src\core\backtester.py	454	368	4.008	0	blank=86;comment=35;docstring=52;ok=276;print=1;typed_signature=4
src\core\council.py	1332	1131	3.985	6	bare_except=1;blank=201;comment=103;docstring=271;long_line=12;ok=724;print=4;stub=5;typed_signature=11
src\core\executor.py	662	567	3.991	1	blank=95;comment=26;docstring=55;long_line=1;ok=476;print=5;stub=1;typed_signature=3
src\core\llm_client.py	308	254	4.004	1	blank=54;comment=11;docstring=38;long_line=1;ok=199;stub=1;typed_signature=4
src\core\portfolio.py	580	488	4.014	0	blank=92;comment=39;docstring=37;ok=385;print=10;typed_signature=17
src\dashboard\__init__.py	14	13	4.0	0	blank=1;docstring=1;ok=12
src\dashboard\server.py	322	266	3.94	2	bare_except=1;blank=56;comment=15;docstring=24;ok=211;print=13;stub=1;typed_signature=1
src\dashboard\templates\index.html	1408	1232	3.985	0	blank=176;comment=60;long_line=18;ok=1154
src\data\__init__.py	4	4	4.0	0	docstring=4
src\data\historical_fetcher.py	350	285	3.982	0	blank=65;comment=12;docstring=53;ok=207;print=9;typed_signature=4
src\data\news_fetcher.py	394	321	3.981	0	blank=73;comment=10;docstring=41;ok=254;print=11;typed_signature=5
src\data\realtime_fetcher.py	525	441	3.964	0	blank=84;comment=19;docstring=26;long_line=3;ok=376;print=15;typed_signature=2
src\data\sentiment_fetcher.py	466	382	3.979	0	blank=84;comment=15;docstring=55;long_line=1;ok=300;print=9;typed_signature=2
src\data\websocket_feed.py	469	385	4.042	1	blank=84;comment=9;docstring=49;ok=308;stub=1;typed_signature=18
src\evolution\__init__.py	2	2	4.0	0	comment=1;ok=1
src\evolution\strategy_evolver.py	454	366	4.005	0	blank=88;comment=20;docstring=140;ok=204;typed_signature=2
src\main.py	970	853	3.96	6	bare_except=3;blank=117;comment=66;docstring=46;long_line=13;ok=705;print=13;stub=3;typed_signature=4
src\memory\__init__.py	4	4	4.0	0	docstring=4
src\memory\agent_journal.py	645	537	4.011	3	bare_except=3;blank=108;comment=28;docstring=132;long_line=3;ok=356;typed_signature=15
src\memory\domain_memory.py	574	467	4.004	2	bare_except=2;blank=107;comment=27;docstring=93;long_line=1;ok=337;typed_signature=7
src\memory\market_memory.py	558	466	3.987	6	bare_except=4;blank=92;comment=40;docstring=86;ok=328;stub=2;typed_signature=6
src\memory\reflector.py	986	838	3.981	2	bare_except=1;blank=148;comment=45;docstring=253;long_line=6;ok=516;print=11;stub=1;typed_signature=5
src\strategies\__init__.py	4	4	4.0	0	docstring=4
src\strategies\autonomous_alpha.py	455	371	3.995	3	blank=84;comment=40;docstring=48;long_line=2;ok=270;print=1;stub=3;typed_signature=7
src\utils\__init__.py	4	4	4.0	0	docstring=4
src\utils\config_loader.py	251	196	3.969	0	blank=55;comment=13;docstring=27;ok=136;print=13;typed_signature=7
src\utils\indicators.py	392	319	4.009	0	blank=73;comment=8;docstring=27;ok=277;print=2;typed_signature=5
src\utils\logging.py	381	315	4.003	0	blank=66;comment=13;docstring=36;ok=263;print=1;typed_signature=2
src\utils\metrics.py	327	272	4.018	0	blank=55;comment=18;docstring=23;ok=220;print=3;typed_signature=8
test_llm.py	39	34	3.824	0	blank=5;docstring=1;ok=27;print=6
tests\__init__.py	3	3	4.0	0	docstring=3
tests\test_integration.py	322	244	3.84	0	assert=33;blank=78;comment=18;docstring=26;ok=161;print=6
view_lessons.py	39	32	3.531	0	blank=7;docstring=1;ok=16;print=15
